{"Room1": {"seatscount": 10, "personscount": 0, "seatsposition": [[391.39040783467084, 489.4265750489726], [480, 66.8911403005304], [169.55543143497317, 188.99839173502005], [313.9143042831715, 438.8069827835079], [109.43659360096508, 308.50858632460296], [169.55543143497317, 120.58789824015383], [443.9217307490872, 358.3518185893985], [480, 226.73267848609427], [480, 154.92441016530464], [312.319533446746, 29.47601713220466]], "personorchair": [0, 0, 0, 0, 0, 0, 0, 0, 0, 0], "occupancy": [true, true, true, true, true, true, true, true, true, true], "occupied": 0, "available": 10, "w": 480, "h": 640, "tablesposition": [[169.55543143497317, 427.3167144842842, 274.36629931411403, 370.6629806674923]], "tablecount": 1}, "Room2": {"seatscount": 10, "personscount": 2, "seatsposition": [[18.01589144525717, 39.41426465465764], [424.03829342245047, 83.74301788913216], [417.04277233091364, 78.36253172273089], [72.10644254603399, 227.0530652088724], [169.94009217864732, 103.9751808506668], [169.94009217864732, 164.54844869625796], [438.6578490173513, 199.24986626691881], [308.6877821795326, 414.4383521596338], [169.94009217864732, 283.114682337281], [424.03829342245047, 320.3904072949841], [476.18338349858357, 131.01777094944268], [299.95341271246457, 24.406608046999395]], "personorchair": [0, 0, 2, 2, 0, 0, 0, 0, 0, 0, 0, 0], "occupancy": [true, false, true, true, true, true, true, true, false, true, true, true], "occupied": 2, "available": 8, "w": 480, "h": 640, "tablesposition": [[169.94009217864732, 414.4383521596338, 254.09820124380315, 390.0317441126344]], "tablecount": 1}, "Room3": {"seatscount": 11, "personscount": 3, "seatsposition": [[469.85743713378906, 395.7721862792969], [520.5027618408203, 207.5521240234375], [439.1139831542969, 445.38983154296875], [522.5860748291016, 239.77301025390625], [130.9368133544922, 353.1767272949219], [78.21062660217285, 447.85438537597656], [507.2609558105469, 387.45281982421875], [224.9144058227539, 202.44564819335938], [194.3262825012207, 310.64080810546875], [27.26790428161621, 65.01222229003906], [370.48297119140625, 395.3361511230469], [362.5564270019531, 78.7347412109375], [481.69618225097656, 256.9000549316406], [460.6593933105469, 151.24023818969727]], "personorchair": [0, 0, 0, 0, 0, 0, 0, 2, 2, 0, 2, 0, 0, 0], "occupancy": [true, true, false, true, false, false, true, true, true, true, true, true, true, true], "occupied": 3, "available": 8, "w": 480, "h": 640, "tablesposition": [[226.04740905761724, 385.9596862792968, 217.30915832519526, 265.15649414062494]], "tablecount": 1}, "fullmetal": {"seatscount": 10, "personscount": 2, "seatsposition": [[407.909912109375, 448.860107421875], [520.9783782958984, 241.93757629394528], [195.91873168945312, 180.90705490112305], [81.57729148864746, 446.91026306152344], [509.03570556640625, 382.3371887207031], [129.94793701171875, 352.189453125], [27.07113265991211, 61.94827270507813], [211.36900329589844, 184.7571792602539], [184.5224609375, 315.7592468261719], [362.99755859375, 81.29109191894531], [482.8608856201172, 256.2582473754883], [461.3482360839844, 150.52098083496094]], "personorchair": [0, 0, 0, 0, 0, 0, 0, 2, 2, 0, 0, 0], "occupancy": [true, true, false, true, true, false, true, true, true, true, true, true], "occupied": 2, "available": 8, "w": 480, "h": 640, "tablesposition": [[195.91873168945312, 448.860107421875, 265.42950439453125, 358.11167907714844]], "tablecount": 1}}