{"dumdum": {"seatscount": 13, "personscount": 0, "seatsposition": [[436.95943254249295, 32.710730680234875], [20.18893091942028, 71.86636177597532], [357.89708469812325, 28.82511989326234], [382.569811769653, 464.05318533539014], [308.9247438252479, 410.4347102657245], [407.945788332153, 44.70780488032443], [170.72030475389516, 164.1290011071855], [120.93107142461933, 276.5226444317277], [170.72030475389516, 103.75757496827727], [432.7984186880312, 320.5116534384952], [453.19478410499295, 133.3693991497064], [300.851559733534, 24.78614564154558], [437.83752268502127, 198.71936579418792]], "personorchair": [0, 0, 0, 0, 0, 0, 0, 0, 0, 0, 0, 0, 0], "occupancy": [true, true, true, true, true, true, true, true, true, true, true, true, true], "occupied": 0, "available": 13, "w": 480, "h": 640, "tablesposition": [[170.72030475389516, 395.4555321954618, 262.078113934136, 350.74772731513735]], "tablecount": 1}, "haikyu": {"seatscount": 10, "personscount": 2, "seatsposition": [[18.01589144525717, 39.41426465465764], [424.03829342245047, 83.74301788913216], [417.04277233091364, 78.36253172273089], [72.10644254603399, 227.0530652088724], [169.94009217864732, 103.9751808506668], [169.94009217864732, 164.54844869625796], [438.6578490173513, 199.24986626691881], [308.6877821795326, 414.4383521596338], [169.94009217864732, 283.114682337281], [424.03829342245047, 320.3904072949841], [476.18338349858357, 131.01777094944268], [299.95341271246457, 24.406608046999395]], "personorchair": [0, 0, 2, 2, 0, 0, 0, 0, 0, 0, 0, 0], "occupancy": [true, false, true, true, true, true, true, true, false, true, true, true], "occupied": 2, "available": 8, "w": 480, "h": 640, "tablesposition": [[169.94009217864732, 414.4383521596338, 254.09820124380315, 390.0317441126344]], "tablecount": 1}, "fullmetal": {"seatscount": 7, "personscount": 3, "seatsposition": [[56.79409217834473, 129.918462117513], [326.7794189453125, 60.54909261067709], [164.3745574951172, 120.70699055989583], [387.48773193359375, 379.3353271484375], [254.26273345947266, 286.81060791015625], [98.47469711303711, 166.1846720377604], [443.44921875, 89.04983774820964], [304.5660705566406, 60.54909261067709], [603.2677612304688, 359.61219278971356], [610.3775939941406, 127.49670918782553]], "personorchair": [2, 0, 2, 0, 0, 2, 0, 0, 0, 0], "occupancy": [true, false, true, true, false, true, true, false, true, true], "occupied": 3, "available": 4, "w": 480, "h": 640, "tablesposition": [[192.45408630371094, 239.29644775390625, 250.99513244628906, 178.74735514322916]], "tablecount": 1}}